Prompt,Country,Tags,Intent volume,Total citations,Your brand mentioned,All Engines your brand rank,Your domain cited,Brand Sentiment,Brand Coverage,Ads,Shopping Cards,Abdul Samad Al Qurashi mentioned,Abdul Samad Al Qurashi cited,Arabian Oud mentioned,Arabian Oud cited,Aromatic mentioned,Aromatic cited,Aromatics International mentioned,Aromatics International cited,Crearoma mentioned,Crearoma cited,Diptyque mentioned,Diptyque cited,Jo Malone mentioned,Jo Malone cited,L'Occitane mentioned,L'Occitane cited,Nota Solutions mentioned,Nota Solutions cited,Saudi Afnan mentioned,Saudi Afnan cited,West Story mentioned,West Story cited
How to create custom branded luxury perfume gifts for corporate clients?,sa,Intent : Private Gifting,1 - Very low,58,-,-,-,-,0%,0%,0%,-,-,-,-,-,-,-,-,-,-,-,-,-,-,-,-,1,1,0,1,-,-
What are the top luxury B2B fragrance suppliers for executive client appreciation?,sa,Intent : Supplier Discovery,1 - Very low,71,-,-,-,-,0%,0%,0%,-,-,-,-,-,-,-,-,-,-,3,0,4,0,-,-,-,-,-,-,-,-
How to choose luxury ambient fragrance gifts for corporate partners.,sa,Intent : Guest Experience,1 - Very low,52,-,-,-,-,0%,0%,33%,-,-,-,-,-,-,-,-,-,-,4,0,-,-,-,-,-,-,0,1,-,-
What are the top luxury B2B fragrance suppliers for corporate gifts in Saudi Arabia?,sa,Intent : Supplier Discovery,1 - Very low,58,-,-,-,-,0%,0%,17%,1,0,1,0,-,-,-,-,-,-,-,-,-,-,-,-,1,1,-,-,-,-
Where to buy corporate executive fragrance gift boxes in Riyadh and Jeddah?,sa,Intent : Private Gifting,1 - Very low,76,-,-,-,-,0%,0%,50%,-,-,1,0,1,0,-,-,-,-,-,-,1,0,-,-,-,-,-,-,-,-
Corporate gift vendors for personalized luxury perfume sets.,sa,Intent : Supplier Discovery,1 - Very low,44,-,-,-,-,0%,0%,50%,-,-,-,-,-,-,-,-,-,-,-,-,-,-,-,-,-,-,-,-,-,-
أين أجد معطر غرفة برائحة اللافندر والإيلانغ يلانغ؟,sa,,1 - Very low,283,13,1,11,+59,25%,0%,23%,-,-,-,-,5,2,-,-,-,-,-,-,-,-,-,-,-,-,-,-,1,1
معطر جو طبيعي لتهدئة التوتر وتحسين جودة النوم.,sa,,1 - Very low,349,-,-,-,-,0%,0%,21%,-,-,-,-,-,-,-,-,-,-,-,-,-,-,-,-,-,-,-,-,-,-
Top B2B luxury fragrance suppliers for executive gifting,sa,Intent : Supplier Discovery,1 - Very low,43,-,-,-,-,0%,0%,17%,-,-,-,-,-,-,-,-,-,-,-,-,1,0,-,-,-,-,-,-,-,-
ما هو أفضل ريد ديفيوزر لتعطير المنزل برائحة العود؟,sa,,1 - Very low,243,-,-,-,-,0%,0%,23%,1,0,19,6,1,0,-,-,-,-,12,0,12,0,-,-,-,-,-,-,-,-
أفضل معطر غرف بزيوت عطرية فرنسية للاسترخاء العميق.,sa,,1 - Very low,335,-,-,-,-,0%,0%,23%,-,-,-,-,1,0,-,-,4,0,7,0,1,0,4,9,-,-,-,-,-,-
Luxury executive gifting sets for senior corporate clients.,sa,,1 - Very low,425,-,-,-,-,0%,0%,64%,-,-,-,-,-,-,-,-,-,-,-,-,-,-,-,-,-,-,-,-,-,-
شراء ريد ديفيوزر بزيوت طبيعية يدعم الاسترخاء والنوم.,sa,,1 - Very low,324,-,-,-,-,0%,0%,26%,-,-,-,-,-,-,-,-,-,-,-,-,-,-,-,-,-,-,-,-,-,-
Organic essential oil lavender for diffusers and baths.,sa,,2 - Low,358,-,-,-,-,0%,0%,46%,-,-,-,-,2,0,2,0,-,-,-,-,-,-,-,-,-,-,-,-,-,-
